"","Nation","World Rank","ELO Rating","Yearly Change in ELO","Total Games Played","Win Ratio","Lose Ratio","Draw Ratio","Mean Goals Scored per Game","Mean Goals Allowed per Game"
"1","Brazil, 1950",2,2014,30,115,0.530434782608696,0.156521739130435,0.31304347826087,2.54782608695652,1.66086956521739
"2","England, 1950",3,1999,-47,319,0.664576802507837,0.137931034482759,0.197492163009404,3.4012539184953,1.22570532915361
"3","Spain, 1950",12,1868,-25,84,0.571428571428571,0.202380952380952,0.226190476190476,2.30952380952381,1.30952380952381
"4","Italy, 1950",4,1975,-13,177,0.542372881355932,0.220338983050847,0.23728813559322,2.24293785310734,1.55367231638418
"5","Yugoslavia, 1950",10,1883,99,146,0.438356164383562,0.143835616438356,0.417808219178082,2.23287671232877,2.1986301369863
"6","Sweden, 1950",7,1933,-36,291,0.508591065292096,0.144329896907216,0.347079037800687,2.83848797250859,1.94158075601375
"7","Chile, 1950",28,1641,2,103,0.252427184466019,0.12621359223301,0.621359223300971,1.41747572815534,2.30097087378641
"8","Uruguay, 1950",11,1871,152,264,0.462121212121212,0.178030303030303,0.359848484848485,1.89772727272727,1.46212121212121
"9","Mexico, 1950",19,1724,-102,38,0.657894736842105,0.0526315789473684,0.289473684210526,3.34210526315789,1.92105263157895
"10","Paraguay, 1950",13,1849,-22,108,0.351851851851852,0.157407407407407,0.490740740740741,1.56481481481481,2.07407407407407
"11","Switzerland, 1950",15,1757,32,227,0.299559471365639,0.162995594713656,0.537444933920705,1.63436123348018,2.45374449339207
"12","United States, 1950",42,1566,-14,34,0.294117647058824,0.0882352941176471,0.617647058823529,1.82352941176471,3.73529411764706
"13","Bolivia, 1950",63,1423,10,43,0.186046511627907,0.13953488372093,0.674418604651163,1,3.65116279069767
"14","Brazil, 1954",4,2011,40,134,0.552238805970149,0.149253731343284,0.298507462686567,2.53731343283582,1.55223880597015
"15","England, 1954",5,1998,-8,351,0.652421652421652,0.148148148148148,0.199430199430199,3.31908831908832,1.28205128205128
"16","France, 1954",13,1806,16,217,0.341013824884793,0.124423963133641,0.534562211981567,1.78801843317972,2.74193548387097
"17","Hungary, 1954",1,2195,61,310,0.541935483870968,0.203225806451613,0.254838709677419,2.83548387096774,1.8
"18","West Germany, 1954",3,2037,121,227,0.524229074889868,0.167400881057269,0.308370044052863,2.66960352422907,1.79295154185022
"19","Italy, 1954",10,1851,-20,197,0.532994923857868,0.223350253807107,0.243654822335025,2.19289340101523,1.52791878172589
"20","Czechoslovakia, 1954",22,1687,-62,184,0.456521739130435,0.217391304347826,0.326086956521739,2.26630434782609,1.82065217391304
"21","Yugoslavia, 1954",7,1939,0,178,0.48314606741573,0.146067415730337,0.370786516853933,2.33707865168539,2.04494382022472
"22","Scotland, 1954",14,1801,-122,245,0.595918367346939,0.183673469387755,0.220408163265306,2.53061224489796,1.2734693877551
"23","Austria, 1954",6,1947,89,257,0.466926070038911,0.194552529182879,0.33852140077821,2.38910505836576,1.8988326848249
"24","Uruguay, 1954",8,1938,55,285,0.466666666666667,0.175438596491228,0.357894736842105,1.9719298245614,1.47719298245614
"25","Belgium, 1954",15,1778,29,244,0.336065573770492,0.192622950819672,0.471311475409836,2.01229508196721,2.51229508196721
"26","Mexico, 1954",26,1655,-8,49,0.612244897959184,0.0408163265306122,0.346938775510204,3.12244897959184,1.95918367346939
"27","Turkey, 1954",25,1656,74,64,0.34375,0.140625,0.515625,1.875,2.359375
"28","Switzerland, 1954",19,1726,51,254,0.291338582677165,0.165354330708661,0.543307086614173,1.66535433070866,2.5
"29","South Korea, 1954",40,1589,-158,19,0.578947368421053,0.210526315789474,0.210526315789474,3.26315789473684,3.21052631578947
"30","Argentina, 1958",5,1920,-141,338,0.571005917159763,0.201183431952663,0.227810650887574,2.20414201183432,1.17159763313609
"31","Brazil, 1958",1,2139,165,187,0.566844919786096,0.171122994652406,0.262032085561497,2.42245989304813,1.3903743315508
"32","England, 1958",3,1944,-58,386,0.639896373056995,0.163212435233161,0.196891191709845,3.25129533678756,1.27979274611399
"33","France, 1958",4,1935,86,249,0.36144578313253,0.144578313253012,0.493975903614458,1.8714859437751,2.5863453815261
"34","Hungary, 1958",2,1967,-112,352,0.548295454545455,0.201704545454545,0.25,2.83238636363636,1.75284090909091
"35","West Germany, 1958",11,1862,-43,260,0.507692307692308,0.169230769230769,0.323076923076923,2.55,1.78846153846154
"36","Soviet Union, 1958",6,1919,45,68,0.573529411764706,0.205882352941176,0.220588235294118,2.61764705882353,1.77941176470588
"37","Czechoslovakia, 1958",12,1858,-22,216,0.458333333333333,0.208333333333333,0.333333333333333,2.19907407407407,1.76388888888889
"38","Yugoslavia, 1958",9,1891,12,215,0.474418604651163,0.172093023255814,0.353488372093023,2.34418604651163,1.93488372093023
"39","Scotland, 1958",17,1805,-41,273,0.575091575091575,0.197802197802198,0.227106227106227,2.45421245421245,1.31501831501832
"40","Austria, 1958",14,1816,-69,287,0.452961672473868,0.202090592334495,0.344947735191638,2.34494773519164,1.90940766550523
"41","Sweden, 1958",8,1900,103,364,0.505494505494505,0.164835164835165,0.32967032967033,2.74725274725275,1.88736263736264
"42","Mexico, 1958",26,1723,-55,63,0.571428571428571,0.0952380952380952,0.333333333333333,2.84126984126984,1.79365079365079
"43","Paraguay, 1958",21,1763,28,153,0.34640522875817,0.189542483660131,0.464052287581699,1.6078431372549,2.02614379084967
"44","Wales, 1958",22,1760,69,231,0.272727272727273,0.199134199134199,0.528138528138528,1.44155844155844,2.3030303030303
"45","Northern Ireland, 1958",20,1771,66,111,0.189189189189189,0.243243243243243,0.567567567567568,1.24324324324324,2.27927927927928
"46","Argentina, 1962",5,1960,-14,379,0.569920844327177,0.203166226912929,0.226912928759894,2.18733509234829,1.18733509234829
"47","Brazil, 1962",1,2194,104,233,0.609442060085837,0.15450643776824,0.236051502145923,2.45064377682403,1.32188841201717
"48","England, 1962",6,1937,-1,423,0.626477541371158,0.170212765957447,0.203309692671395,3.19858156028369,1.29550827423168
"49","Hungary, 1962",3,1989,40,390,0.553846153846154,0.202564102564103,0.243589743589744,2.77435897435897,1.6974358974359
"50","Spain, 1962",10,1895,-66,141,0.539007092198582,0.219858156028369,0.24113475177305,2.30496453900709,1.34042553191489
"51","West Germany, 1962",7,1933,53,287,0.519163763066202,0.167247386759582,0.313588850174216,2.53658536585366,1.72473867595819
"52","Italy, 1962",11,1878,40,236,0.521186440677966,0.220338983050847,0.258474576271186,2.13135593220339,1.51271186440678
"53","Soviet Union, 1962",2,2015,5,97,0.628865979381443,0.164948453608247,0.206185567010309,2.45360824742268,1.50515463917526
"54","Czechoslovakia, 1962",4,1966,-14,248,0.479838709677419,0.193548387096774,0.326612903225806,2.2258064516129,1.70161290322581
"55","Yugoslavia, 1962",8,1925,-45,261,0.498084291187739,0.172413793103448,0.329501915708812,2.40229885057471,1.83908045977011
"56","Colombia, 1962",80,1459,20,55,0.254545454545455,0.163636363636364,0.581818181818182,1.34545454545455,2.63636363636364
"57","Chile, 1962",17,1824,85,191,0.293193717277487,0.130890052356021,0.575916230366492,1.5130890052356,2.17277486910995
"58","Uruguay, 1962",14,1856,-66,347,0.461095100864553,0.181556195965418,0.357348703170029,1.93371757925072,1.51873198847262
"59","Mexico, 1962",15,1847,40,93,0.537634408602151,0.139784946236559,0.32258064516129,2.46236559139785,1.63440860215054
"60","Switzerland, 1962",44,1614,-106,297,0.282828282828283,0.161616161616162,0.555555555555556,1.63973063973064,2.52525252525253
"61","Bulgaria, 1962",23,1727,-42,146,0.328767123287671,0.191780821917808,0.479452054794521,1.56164383561644,2.26712328767123
"62","Argentina, 1966",5,1974,-12,412,0.563106796116505,0.20873786407767,0.228155339805825,2.16504854368932,1.18446601941748
"63","Brazil, 1966",8,1925,-97,282,0.602836879432624,0.159574468085106,0.23758865248227,2.3936170212766,1.31914893617021
"64","England, 1966",1,2087,140,469,0.628997867803838,0.174840085287846,0.196162046908316,3.12153518123667,1.27931769722815
"65","France, 1966",28,1735,-33,305,0.350819672131148,0.157377049180328,0.491803278688525,1.82622950819672,2.41967213114754
"66","Hungary, 1966",6,1959,-20,425,0.550588235294118,0.204705882352941,0.244705882352941,2.71764705882353,1.67058823529412
"67","Spain, 1966",11,1862,-34,162,0.524691358024691,0.222222222222222,0.253086419753086,2.18518518518519,1.31481481481481
"68","West Germany, 1966",2,2035,119,318,0.528301886792453,0.163522012578616,0.308176100628931,2.5125786163522,1.65094339622642
"69","Italy, 1966",7,1942,10,265,0.532075471698113,0.218867924528302,0.249056603773585,2.12075471698113,1.41509433962264
"70","Soviet Union, 1966",4,1978,-3,139,0.575539568345324,0.215827338129496,0.20863309352518,2.19424460431655,1.35971223021583
"71","Portugal, 1966",3,1987,210,141,0.340425531914894,0.156028368794326,0.50354609929078,1.52482269503546,2
"72","Chile, 1966",29,1724,-47,220,0.290909090909091,0.154545454545455,0.554545454545455,1.48636363636364,2.07272727272727
"73","Uruguay, 1966",13,1843,-5,375,0.456,0.186666666666667,0.357333333333333,1.88266666666667,1.49866666666667
"74","Mexico, 1966",14,1840,-28,118,0.542372881355932,0.169491525423729,0.288135593220339,2.39830508474576,1.46610169491525
"75","Switzerland, 1966",47,1591,-41,322,0.27639751552795,0.164596273291925,0.559006211180124,1.59006211180124,2.48136645962733
"76","North Korea, 1966",15,1829,-9,31,0.806451612903226,0.0967741935483871,0.0967741935483871,3.45161290322581,0.612903225806452
"77","Bulgaria, 1966",24,1747,-33,179,0.357541899441341,0.189944134078212,0.452513966480447,1.54189944134078,2.08938547486034
"78","Brazil, 1970",1,2179,146,329,0.623100303951368,0.155015197568389,0.221884498480243,2.42249240121581,1.27963525835866
"79","England, 1970",2,2035,-49,507,0.627218934911243,0.179487179487179,0.193293885601578,3.01775147928994,1.23471400394477
"80","West Germany, 1970",3,2029,17,358,0.533519553072626,0.175977653631285,0.290502793296089,2.4608938547486,1.56983240223464
"81","Italy, 1970",4,2021,23,294,0.534013605442177,0.23469387755102,0.231292517006803,2.10204081632653,1.36394557823129
"82","Soviet Union, 1970",5,1966,-12,186,0.56989247311828,0.241935483870968,0.188172043010753,2.09139784946237,1.22043010752688
"83","Czechoslovakia, 1970",14,1819,-125,298,0.466442953020134,0.197986577181208,0.335570469798658,2.11409395973154,1.63758389261745
"84","Sweden, 1970",11,1846,27,473,0.513742071881607,0.177589852008457,0.308668076109937,2.5708245243129,1.70824524312896
"85","Uruguay, 1970",8,1853,-9,411,0.452554744525547,0.194647201946472,0.352798053527981,1.82725060827251,1.45985401459854
"86","Belgium, 1970",24,1738,-40,350,0.351428571428571,0.18,0.468571428571429,1.9,2.29142857142857
"87","Mexico, 1970",28,1730,64,182,0.494505494505495,0.208791208791209,0.296703296703297,2.02747252747253,1.29120879120879
"88","Peru, 1970",22,1760,51,159,0.345911949685535,0.19496855345912,0.459119496855346,1.66666666666667,1.76729559748428
"89","Romania, 1970",19,1801,-1,216,0.416666666666667,0.203703703703704,0.37962962962963,1.72685185185185,1.79166666666667
"90","Morocco, 1970",40,1648,-39,83,0.433734939759036,0.228915662650602,0.337349397590361,1.46987951807229,1.30120481927711
"91","Bulgaria, 1970",29,1722,-98,210,0.352380952380952,0.214285714285714,0.433333333333333,1.51428571428571,1.98095238095238
"92","Israel, 1970",39,1670,2,97,0.371134020618557,0.144329896907216,0.484536082474227,1.54639175257732,1.70103092783505
"93","El Salvador, 1970",68,1492,-59,136,0.455882352941176,0.154411764705882,0.389705882352941,1.94117647058824,1.875
"94","Argentina, 1974",15,1856,-35,491,0.535641547861507,0.226069246435845,0.238289205702648,2.06313645621181,1.20366598778004
"95","Brazil, 1974",3,2036,-97,366,0.617486338797814,0.172131147540984,0.210382513661202,2.31420765027322,1.20218579234973
"96","West Germany, 1974",1,2127,16,399,0.553884711779449,0.170426065162907,0.275689223057644,2.42857142857143,1.47117794486216
"97","Italy, 1974",6,1938,-64,324,0.524691358024691,0.246913580246914,0.228395061728395,2.04320987654321,1.30555555555556
"98","Netherlands, 1974",2,2087,258,340,0.429411764705882,0.2,0.370588235294118,2.22058823529412,1.86764705882353
"99","Poland, 1974",4,2031,64,292,0.386986301369863,0.236301369863014,0.376712328767123,1.96575342465753,1.74657534246575
"100","Yugoslavia, 1974",8,1907,-34,369,0.468834688346883,0.203252032520325,0.327913279132791,2.17615176151762,1.66666666666667
"101","Scotland, 1974",11,1877,76,386,0.528497409326425,0.196891191709845,0.274611398963731,2.22538860103627,1.34974093264249
"102","Sweden, 1974",18,1832,-47,514,0.509727626459144,0.182879377431907,0.307392996108949,2.48249027237354,1.66926070038911
"103","Chile, 1974",23,1770,-22,289,0.311418685121107,0.173010380622837,0.515570934256055,1.4636678200692,1.92387543252595
"104","East Germany, 1974",10,1890,-23,160,0.46875,0.225,0.30625,1.9,1.3
"105","Uruguay, 1974",30,1698,-66,443,0.440180586907449,0.205417607223476,0.354401805869074,1.75846501128668,1.43115124153499
"106","Australia, 1974",33,1680,-1,122,0.516393442622951,0.188524590163934,0.295081967213115,2.25409836065574,1.69672131147541
"107","Bulgaria, 1974",26,1739,-80,257,0.365758754863813,0.229571984435798,0.404669260700389,1.56031128404669,1.8443579766537
"108","Haiti, 1974",56,1546,-65,166,0.463855421686747,0.174698795180723,0.36144578313253,1.81325301204819,1.53012048192771
"109","Argentina, 1978",3,2039,133,537,0.543761638733706,0.221601489757914,0.23463687150838,2.06890130353817,1.17690875232775
"110","Brazil, 1978",1,2142,72,407,0.624078624078624,0.181818181818182,0.194103194103194,2.28009828009828,1.13022113022113
"111","France, 1978",13,1890,48,384,0.364583333333333,0.177083333333333,0.458333333333333,1.76041666666667,2.18489583333333
"112","Hungary, 1978",23,1784,-140,531,0.534839924670433,0.210922787193974,0.254237288135593,2.50659133709981,1.58757062146893
"113","Spain, 1978",7,1960,11,233,0.515021459227468,0.244635193133047,0.240343347639485,1.95278969957082,1.15021459227468
"114","West Germany, 1978",4,2038,-91,437,0.551487414187643,0.185354691075515,0.263157894736842,2.39130434782609,1.4187643020595
"115","Italy, 1978",6,1995,42,363,0.53168044077135,0.236914600550964,0.231404958677686,2.01928374655647,1.26446280991736
"116","Netherlands, 1978",2,2066,-8,373,0.445040214477212,0.195710455764075,0.359249329758713,2.19839142091153,1.79624664879357
"117","Poland, 1978",9,1932,16,340,0.411764705882353,0.220588235294118,0.367647058823529,1.97058823529412,1.65882352941176
"118","Scotland, 1978",15,1884,-113,423,0.527186761229314,0.203309692671395,0.269503546099291,2.17966903073286,1.32860520094563
"119","Austria, 1978",12,1892,19,432,0.435185185185185,0.199074074074074,0.365740740740741,2.03009259259259,1.74537037037037
"120","Sweden, 1978",25,1741,-9,552,0.503623188405797,0.182971014492754,0.313405797101449,2.40579710144928,1.63224637681159
"121","Mexico, 1978",32,1701,-86,254,0.496062992125984,0.204724409448819,0.299212598425197,1.91338582677165,1.2244094488189
"122","Peru, 1978",20,1807,37,228,0.359649122807018,0.197368421052632,0.442982456140351,1.54824561403509,1.61842105263158
"123","Iran, 1978",30,1720,-42,131,0.519083969465649,0.190839694656489,0.290076335877863,1.65648854961832,0.977099236641221
"124","Iran, 1978",30,1720,-42,131,0.519083969465649,0.190839694656489,0.290076335877863,1.65648854961832,0.977099236641221
"125","Tunisia, 1978",27,1731,12,181,0.370165745856354,0.276243093922652,0.353591160220994,1.46408839779006,1.43646408839779
"126","Argentina, 1982",7,1941,-65,571,0.535901926444834,0.227670753064799,0.236427320490368,2.04203152364273,1.17513134851138
"127","Brazil, 1982",1,2114,24,450,0.631111111111111,0.182222222222222,0.186666666666667,2.29555555555556,1.1
"128","England, 1982",3,2016,120,631,0.611727416798732,0.194928684627575,0.193343898573693,2.76545166402536,1.14263074484945
"129","France, 1982",8,1921,26,419,0.37708830548926,0.171837708830549,0.451073985680191,1.77804295942721,2.10023866348449
"130","Hungary, 1982",18,1814,3,566,0.528268551236749,0.212014134275618,0.259717314487633,2.46466431095406,1.57243816254417
"131","Spain, 1982",16,1835,-41,273,0.487179487179487,0.26007326007326,0.252747252747253,1.84615384615385,1.14652014652015
"132","West Germany, 1982",4,2010,-99,483,0.563146997929607,0.184265010351967,0.252587991718426,2.3871635610766,1.37060041407867
"133","Italy, 1982",2,2020,106,401,0.523690773067332,0.251870324189526,0.224438902743142,1.95261845386534,1.22942643391521
"134","Soviet Union, 1982",5,2008,7,309,0.559870550161812,0.242718446601942,0.197411003236246,1.93851132686084,1.04854368932039
"135","Czechoslovakia, 1982",13,1867,-27,418,0.444976076555024,0.229665071770335,0.325358851674641,1.95933014354067,1.47846889952153
"136","Poland, 1982",6,1986,28,392,0.428571428571429,0.216836734693878,0.354591836734694,1.95918367346939,1.56632653061224
"137","Yugoslavia, 1982",15,1853,-62,426,0.474178403755869,0.197183098591549,0.328638497652582,2.12441314553991,1.61737089201878
"138","Scotland, 1982",17,1829,-16,460,0.515217391304348,0.202173913043478,0.282608695652174,2.1,1.32826086956522
"139","Austria, 1982",9,1910,15,464,0.446120689655172,0.200431034482759,0.353448275862069,2.01724137931034,1.68534482758621
"140","Chile, 1982",32,1702,-83,341,0.316715542521994,0.18475073313783,0.498533724340176,1.42521994134897,1.80058651026393
"141","Belgium, 1982",10,1902,-13,429,0.384615384615385,0.186480186480186,0.428904428904429,1.8041958041958,2.01631701631702
"142","Peru, 1982",26,1743,18,257,0.35408560311284,0.21011673151751,0.43579766536965,1.49027237354086,1.57198443579767
"143","Algeria, 1982",30,1726,56,178,0.443820224719101,0.224719101123595,0.331460674157303,1.5561797752809,1.13483146067416
"144","Northern Ireland, 1982",23,1766,-19,257,0.256809338521401,0.22568093385214,0.517509727626459,1.14396887159533,1.8715953307393
"145","Cameroon, 1982",31,1703,43,132,0.409090909090909,0.265151515151515,0.325757575757576,1.85606060606061,1.46212121212121
"146","Honduras, 1982",41,1623,3,139,0.352517985611511,0.273381294964029,0.37410071942446,1.32374100719424,1.59712230215827
"147","Kuwait, 1982",37,1676,19,159,0.509433962264151,0.157232704402516,0.333333333333333,1.86792452830189,1.32075471698113
"148","New Zealand, 1982",58,1565,-25,146,0.431506849315068,0.178082191780822,0.39041095890411,2.1027397260274,1.92465753424658
"149","El Salvador, 1982",59,1558,-41,202,0.425742574257426,0.193069306930693,0.381188118811881,1.68811881188119,1.64851485148515
"150","Argentina, 1986",1,2039,161,613,0.528548123980424,0.236541598694943,0.234910277324633,1.99673735725938,1.15334420880914
"151","Brazil, 1986",2,2015,96,490,0.620408163265306,0.191836734693878,0.187755102040816,2.23673469387755,1.07551020408163
"152","England, 1986",5,1978,44,680,0.607352941176471,0.197058823529412,0.195588235294118,2.68529411764706,1.09705882352941
"153","France, 1986",7,1940,-49,458,0.395196506550218,0.179039301310044,0.425764192139738,1.77947598253275,1.97598253275109
"154","Hungary, 1986",24,1779,-90,605,0.525619834710744,0.209917355371901,0.264462809917355,2.41157024793388,1.54545454545455
"155","Spain, 1986",4,1992,130,314,0.5,0.25796178343949,0.24203821656051,1.84076433121019,1.09872611464968
"156","West Germany, 1986",6,1956,50,530,0.560377358490566,0.184905660377358,0.254716981132075,2.32264150943396,1.34339622641509
"157","Italy, 1986",10,1881,-3,435,0.52183908045977,0.250574712643678,0.227586206896552,1.91494252873563,1.20459770114943
"158","Soviet Union, 1986",3,1993,-12,350,0.557142857142857,0.24,0.202857142857143,1.90857142857143,1.01714285714286
"159","Portugal, 1986",28,1760,-71,261,0.379310344827586,0.187739463601533,0.432950191570881,1.41379310344828,1.65134099616858
"160","Poland, 1986",23,1780,-34,437,0.418764302059497,0.231121281464531,0.350114416475973,1.8604118993135,1.52631578947368
"161","Scotland, 1986",17,1815,-48,495,0.509090909090909,0.21010101010101,0.280808080808081,2.04040404040404,1.28080808080808
"162","Uruguay, 1986",26,1776,-85,557,0.429084380610413,0.229802513464991,0.341113105924596,1.6588868940754,1.35368043087971
"163","Denmark, 1986",8,1934,5,476,0.44327731092437,0.159663865546218,0.397058823529412,2.0609243697479,1.69747899159664
"164","Belgium, 1986",19,1802,-41,463,0.382289416846652,0.19438444924406,0.423326133909287,1.77537796976242,1.97624190064795
"165","Mexico, 1986",12,1879,45,335,0.492537313432836,0.238805970149254,0.26865671641791,1.82089552238806,1.14328358208955
"166","Paraguay, 1986",20,1801,23,354,0.344632768361582,0.234463276836158,0.42090395480226,1.43502824858757,1.69209039548023
"167","Algeria, 1986",46,1623,-25,237,0.426160337552743,0.240506329113924,0.333333333333333,1.53586497890295,1.14767932489451
"168","South Korea, 1986",38,1648,12,454,0.60352422907489,0.209251101321586,0.187224669603524,2.03303964757709,0.940528634361233
"169","Morocco, 1986",31,1724,30,266,0.447368421052632,0.289473684210526,0.263157894736842,1.43984962406015,1.06015037593985
"170","Northern Ireland, 1986",29,1753,-89,286,0.269230769230769,0.237762237762238,0.493006993006993,1.11888111888112,1.75874125874126
"171","Bulgaria, 1986",25,1778,-40,389,0.347043701799486,0.249357326478149,0.403598971722365,1.46786632390745,1.67095115681234
"172","Iraq, 1986",59,1565,-138,261,0.532567049808429,0.256704980842912,0.210727969348659,1.77011494252874,0.804597701149425
"173","Canada, 1986",54,1578,-97,115,0.330434782608696,0.252173913043478,0.417391304347826,1.09565217391304,1.50434782608696
"174","Argentina, 1990",14,1873,72,650,0.510769230769231,0.246153846153846,0.243076923076923,1.92769230769231,1.14615384615385
"175","Brazil, 1990",5,1956,-49,542,0.618081180811808,0.197416974169742,0.18450184501845,2.17527675276753,1.03690036900369
"176","England, 1990",3,1990,46,726,0.597796143250689,0.210743801652893,0.191460055096419,2.60606060606061,1.07300275482094
"177","Spain, 1990",7,1936,12,353,0.501416430594901,0.24929178470255,0.24929178470255,1.84702549575071,1.09348441926346
"178","Italy, 1990",2,2017,54,480,0.529166666666667,0.254166666666667,0.216666666666667,1.8625,1.125
"179","Netherlands, 1990",6,1948,-99,468,0.448717948717949,0.205128205128205,0.346153846153846,2.06623931623932,1.60042735042735
"180","Soviet Union, 1990",10,1887,-67,401,0.551122194513716,0.241895261845387,0.206982543640898,1.84538653366584,0.99002493765586
"181","Czechoslovakia, 1990",10,1887,-4,488,0.452868852459016,0.227459016393443,0.319672131147541,1.88319672131148,1.40368852459016
"182","Yugoslavia, 1990",4,1980,58,497,0.47887323943662,0.195171026156942,0.325955734406439,2.04024144869215,1.56740442655936
"183","Colombia, 1990",26,1763,-59,203,0.29064039408867,0.241379310344828,0.467980295566502,1.1576354679803,1.70443349753695
"184","Scotland, 1990",25,1776,9,530,0.5,0.215094339622642,0.284905660377358,1.97169811320755,1.26981132075472
"185","Austria, 1990",35,1676,-45,528,0.429924242424242,0.206439393939394,0.363636363636364,1.92045454545455,1.66098484848485
"186","Sweden, 1990",17,1826,-135,671,0.496274217585693,0.192250372578241,0.311475409836066,2.25186289120715,1.5230998509687
"187","Uruguay, 1990",16,1845,-28,597,0.435510887772194,0.227805695142379,0.336683417085427,1.64321608040201,1.31825795644891
"188","Belgium, 1990",18,1816,-36,496,0.38508064516129,0.199596774193548,0.415322580645161,1.75604838709677,1.90927419354839
"189","Romania, 1990",19,1815,-76,414,0.405797101449275,0.253623188405797,0.340579710144928,1.63285024154589,1.4975845410628
"190","Ireland, 1990",10,1887,1,366,0.297814207650273,0.204918032786885,0.497267759562842,1.28688524590164,2.15573770491803
"191","Costa Rica, 1990",37,1665,52,267,0.554307116104869,0.198501872659176,0.247191011235955,2.28838951310861,1.1123595505618
"192","Egypt, 1990",40,1654,-56,362,0.488950276243094,0.232044198895028,0.279005524861878,1.83149171270718,1.24861878453039
"193","United States, 1990",54,1585,-27,204,0.299019607843137,0.191176470588235,0.509803921568627,1.19607843137255,2.1078431372549
"194","South Korea, 1990",31,1721,-24,510,0.607843137254902,0.207843137254902,0.184313725490196,2.0078431372549,0.9
"195","Cameroon, 1990",39,1657,-48,241,0.45643153526971,0.269709543568465,0.273858921161826,1.71369294605809,1.25726141078838
"196","United Arab Emirates, 1990",81,1438,-92,159,0.327044025157233,0.238993710691824,0.433962264150943,1.23899371069182,1.52201257861635
"197","Argentina, 1994",15,1883,-44,700,0.512857142857143,0.252857142857143,0.234285714285714,1.90285714285714,1.12714285714286
"198","Brazil, 1994",1,2069,120,600,0.613333333333333,0.206666666666667,0.18,2.16333333333333,1.01666666666667
"199","Germany, 1994",2,1998,-15,618,0.564724919093851,0.199029126213592,0.236245954692557,2.24433656957929,1.27184466019417
"200","Spain, 1994",3,1996,83,394,0.50507614213198,0.251269035532995,0.243654822335025,1.84010152284264,1.07106598984772
"201","Italy, 1994",4,1985,-14,522,0.532567049808429,0.254789272030651,0.21264367816092,1.83908045977011,1.09003831417625
"202","Netherlands, 1994",5,1959,-36,509,0.459724950884086,0.210216110019646,0.330058939096267,2.07465618860511,1.53831041257367
"203","Colombia, 1994",12,1896,-36,251,0.322709163346614,0.266932270916335,0.410358565737052,1.17529880478088,1.50597609561753
"204","Sweden, 1994",6,1948,65,722,0.497229916897507,0.196675900277008,0.306094182825485,2.22714681440443,1.49307479224377
"205","Belgium, 1994",26,1766,-60,527,0.392789373814042,0.197343453510436,0.409867172675522,1.74952561669829,1.85009487666034
"206","Mexico, 1994",17,1871,-19,434,0.506912442396313,0.23963133640553,0.253456221198157,1.9147465437788,1.08294930875576
"207","Romania, 1994",11,1903,74,459,0.418300653594771,0.252723311546841,0.328976034858388,1.63616557734205,1.45098039215686
"208","Ireland, 1994",14,1884,23,405,0.320987654320988,0.212345679012346,0.466666666666667,1.31604938271605,2.02222222222222
"209","Russia, 1994",22,1844,5,450,0.542222222222222,0.251111111111111,0.206666666666667,1.82,0.986666666666667
"210","Switzerland, 1994",17,1871,24,554,0.310469314079422,0.196750902527076,0.492779783393502,1.43862815884477,1.97111913357401
"211","Norway, 1994",16,1875,21,544,0.318014705882353,0.204044117647059,0.477941176470588,1.52757352941176,2.01654411764706
"212","United States, 1994",52,1616,-4,301,0.302325581395349,0.229235880398671,0.46843853820598,1.17940199335548,1.80066445182724
"213","Greece, 1994",40,1647,-91,311,0.292604501607717,0.231511254019293,0.47588424437299,1.22829581993569,1.77491961414791
"214","South Korea, 1994",45,1634,-25,567,0.590828924162258,0.222222222222222,0.18694885361552,1.98765432098765,0.892416225749559
"215","Nigeria, 1994",24,1784,79,345,0.434782608695652,0.289855072463768,0.27536231884058,1.53333333333333,1.14202898550725
"216","Morocco, 1994",54,1607,-63,344,0.433139534883721,0.305232558139535,0.261627906976744,1.38953488372093,1
"217","Bulgaria, 1994",21,1858,69,462,0.357142857142857,0.248917748917749,0.393939393939394,1.48051948051948,1.6017316017316
"218","Cameroon, 1994",63,1573,-71,297,0.427609427609428,0.303030303030303,0.269360269360269,1.58585858585859,1.18518518518519
"219","Bolivia, 1994",32,1684,-21,224,0.232142857142857,0.21875,0.549107142857143,1.05357142857143,2.23214285714286
"220","Saudi Arabia, 1994",42,1641,-42,291,0.460481099656357,0.237113402061856,0.302405498281787,1.52577319587629,1.17525773195876
"221","Argentina, 1998",10,1930,101,750,0.514666666666667,0.253333333333333,0.232,1.89066666666667,1.10666666666667
"222","Brazil, 1998",2,2052,-130,670,0.626865671641791,0.202985074626866,0.170149253731343,2.18955223880597,0.992537313432836
"223","England, 1998",8,1945,-57,813,0.587945879458795,0.223862238622386,0.188191881918819,2.49323493234932,1.02952029520295
"224","France, 1998",1,2076,64,570,0.429824561403509,0.201754385964912,0.368421052631579,1.76140350877193,1.73859649122807
"225","Germany, 1998",6,1977,-93,672,0.571428571428571,0.203869047619048,0.224702380952381,2.23065476190476,1.22916666666667
"226","Spain, 1998",5,1979,-62,430,0.509302325581395,0.26046511627907,0.230232558139535,1.85581395348837,1.04418604651163
"227","Italy, 1998",3,2020,46,563,0.536412078152753,0.257548845470693,0.206039076376554,1.8259325044405,1.06039076376554
"228","Netherlands, 1998",4,1994,54,551,0.466424682395644,0.212341197822142,0.321234119782214,2.07078039927405,1.47912885662432
"229","Yugoslavia, 1998",9,1944,-30,552,0.483695652173913,0.201086956521739,0.315217391304348,2.02717391304348,1.4963768115942
"230","Colombia, 1998",29,1739,-29,309,0.330097087378641,0.275080906148867,0.394822006472492,1.1747572815534,1.43042071197411
"231","Scotland, 1998",33,1712,-80,601,0.492512479201331,0.219633943427621,0.287853577371048,1.88519134775374,1.22462562396007
"232","Austria, 1998",30,1730,-19,595,0.426890756302521,0.208403361344538,0.364705882352941,1.89915966386555,1.63361344537815
"233","Chile, 1998",25,1756,6,507,0.351084812623274,0.214990138067061,0.433925049309665,1.44575936883629,1.57988165680473
"234","Croatia, 1998",7,1963,99,81,0.555555555555556,0.222222222222222,0.222222222222222,2.06172839506173,1.14814814814815
"235","Denmark, 1998",17,1820,-109,599,0.447412353923205,0.180300500834725,0.37228714524207,1.91485809682805,1.52921535893155
"236","Belgium, 1998",18,1816,17,560,0.394642857142857,0.207142857142857,0.398214285714286,1.73571428571429,1.80178571428571
"237","Mexico, 1998",15,1864,75,514,0.494163424124514,0.250972762645914,0.254863813229572,1.8852140077821,1.1011673151751
"238","Paraguay, 1998",20,1803,57,464,0.364224137931034,0.239224137931034,0.396551724137931,1.38577586206897,1.55603448275862
"239","Romania, 1998",12,1902,18,500,0.43,0.25,0.32,1.676,1.396
"240","Norway, 1998",16,1830,-28,591,0.331641285956007,0.214890016920474,0.453468697123519,1.55837563451777,1.92216582064298
"241","South Africa, 1998",47,1673,-7,113,0.442477876106195,0.185840707964602,0.371681415929204,1.66371681415929,1.54867256637168
"242","United States, 1998",38,1696,-23,364,0.321428571428571,0.233516483516484,0.445054945054945,1.20604395604396,1.67307692307692
"243","South Korea, 1998",42,1690,-70,639,0.577464788732394,0.22848200312989,0.194053208137715,1.96870109546166,0.926447574334898
"244","Japan, 1998",38,1696,-62,410,0.421951219512195,0.192682926829268,0.385365853658537,1.71463414634146,1.39512195121951
"245","Nigeria, 1998",37,1698,-4,376,0.428191489361702,0.281914893617021,0.289893617021277,1.49734042553191,1.16489361702128
"246","Morocco, 1998",19,1807,64,389,0.452442159383033,0.298200514138817,0.249357326478149,1.45758354755784,0.958868894601542
"247","Bulgaria, 1998",46,1674,-149,501,0.36127744510978,0.243512974051896,0.395209580838323,1.47305389221557,1.5748502994012
"248","Cameroon, 1998",63,1563,3,348,0.422413793103448,0.301724137931034,0.275862068965517,1.5316091954023,1.19827586206897
"249","Iran, 1998",27,1748,61,303,0.534653465346535,0.217821782178218,0.247524752475248,1.88448844884488,0.834983498349835
"250","Tunisia, 1998",52,1632,-39,409,0.386308068459658,0.271393643031785,0.342298288508557,1.35941320293399,1.2078239608802
"251","Saudi Arabia, 1998",34,1710,69,368,0.470108695652174,0.241847826086957,0.28804347826087,1.55978260869565,1.15217391304348
"252","Jamaica, 1998",45,1675,36,324,0.373456790123457,0.222222222222222,0.404320987654321,1.25,1.42901234567901
"253","Argentina, 2002",4,1992,-27,792,0.518939393939394,0.253787878787879,0.227272727272727,1.88383838383838,1.09343434343434
"254","Brazil, 2002",1,2057,225,738,0.627371273712737,0.199186991869919,0.173441734417344,2.19241192411924,0.976964769647697
"255","England, 2002",6,1954,22,857,0.578763127187865,0.23220536756126,0.189031505250875,2.44690781796966,1.02217036172695
"256","France, 2002",5,1977,-137,623,0.449438202247191,0.200642054574639,0.34991974317817,1.78491171749599,1.65329052969502
"257","Germany, 2002",7,1938,69,726,0.568870523415978,0.203856749311295,0.227272727272727,2.22314049586777,1.22451790633609
"258","Spain, 2002",3,1998,32,476,0.521008403361345,0.256302521008403,0.222689075630252,1.90126050420168,1.01680672268908
"259","Italy, 2002",11,1879,-137,608,0.53125,0.259868421052632,0.208881578947368,1.78453947368421,1.03782894736842
"260","Portugal, 2002",8,1931,-80,398,0.42713567839196,0.226130653266332,0.346733668341709,1.53768844221106,1.35175879396985
"261","Poland, 2002",36,1709,-39,625,0.416,0.2448,0.3392,1.7072,1.4496
"262","Sweden, 2002",17,1822,-67,820,0.491463414634146,0.214634146341463,0.29390243902439,2.11707317073171,1.4109756097561
"263","Croatia, 2002",22,1802,-82,123,0.479674796747967,0.300813008130081,0.219512195121951,1.73983739837398,1.0650406504065
"264","Uruguay, 2002",26,1790,3,727,0.429160935350757,0.235213204951857,0.335625859697387,1.5777166437414,1.28198074277854
"265","Denmark, 2002",9,1912,36,644,0.454968944099379,0.184782608695652,0.360248447204969,1.89285714285714,1.4860248447205
"266","Belgium, 2002",27,1785,-49,608,0.396381578947368,0.213815789473684,0.389802631578947,1.72532894736842,1.75164473684211
"267","Mexico, 2002",15,1833,24,599,0.49415692821369,0.242070116861436,0.263772954924875,1.83806343906511,1.10016694490818
"268","Paraguay, 2002",31,1763,39,520,0.369230769230769,0.246153846153846,0.384615384615385,1.37884615384615,1.51538461538462
"269","Turkey, 2002",10,1895,98,385,0.337662337662338,0.220779220779221,0.441558441558442,1.27012987012987,1.62077922077922
"270","Ireland, 2002",14,1848,-12,483,0.335403726708075,0.225672877846791,0.438923395445135,1.34989648033126,1.8592132505176
"271","Russia, 2002",20,1808,-30,536,0.537313432835821,0.253731343283582,0.208955223880597,1.81902985074627,0.983208955223881
"272","Costa Rica, 2002",32,1754,-22,429,0.498834498834499,0.219114219114219,0.282051282051282,2.04895104895105,1.14918414918415
"273","Ecuador, 2002",35,1722,-9,322,0.248447204968944,0.260869565217391,0.490683229813665,1.09937888198758,1.7888198757764
"274","South Africa, 2002",47,1665,36,184,0.451086956521739,0.239130434782609,0.309782608695652,1.4945652173913,1.27173913043478
"275","United States, 2002",16,1827,72,429,0.351981351981352,0.228438228438228,0.41958041958042,1.25874125874126,1.54312354312354
"276","South Korea, 2002",30,1766,-36,706,0.560906515580737,0.242209631728045,0.196883852691218,1.91359773371105,0.927762039660057
"277","Japan, 2002",19,1809,-58,461,0.422993492407809,0.20824295010846,0.368763557483731,1.70498915401302,1.34924078091106
"278","Nigeria, 2002",34,1742,21,429,0.440559440559441,0.289044289044289,0.27039627039627,1.49417249417249,1.0979020979021
"279","Cameroon, 2002",24,1796,81,392,0.436224489795918,0.303571428571429,0.260204081632653,1.53061224489796,1.13520408163265
"280","Tunisia, 2002",52,1619,-70,463,0.390928725701944,0.278617710583153,0.330453563714903,1.3866090712743,1.16630669546436
"281","Senegal, 2002",28,1780,193,415,0.402409638554217,0.274698795180723,0.32289156626506,1.25060240963855,1.01927710843373
"282","Saudi Arabia, 2002",45,1671,-28,446,0.486547085201794,0.228699551569507,0.2847533632287,1.60313901345291,1.13452914798206
"283","China, 2002",56,1604,-121,435,0.535632183908046,0.188505747126437,0.275862068965517,2.10574712643678,1.04137931034483
"284","Slovenia, 2002",49,1658,-100,93,0.344086021505376,0.290322580645161,0.365591397849462,1.29032258064516,1.36559139784946
"285","Argentina, 2006",5,1980,49,848,0.522405660377358,0.251179245283019,0.226415094339623,1.88207547169811,1.09551886792453
"286","Brazil, 2006",1,2080,53,801,0.622971285892634,0.205992509363296,0.17103620474407,2.18102372034956,0.958801498127341
"287","England, 2006",7,1961,-3,907,0.582138919514884,0.230429988974642,0.187431091510474,2.4167585446527,1.01323042998897
"288","France, 2006",2,2061,85,680,0.467647058823529,0.205882352941176,0.326470588235294,1.79411764705882,1.55441176470588
"289","Germany, 2006",6,1976,84,786,0.568702290076336,0.206106870229008,0.225190839694656,2.22773536895674,1.21628498727735
"290","Spain, 2006",12,1885,-73,526,0.53041825095057,0.256653992395437,0.212927756653992,1.90684410646388,0.982889733840304
"291","Italy, 2006",3,2020,80,661,0.535552193645991,0.264750378214826,0.199697428139183,1.77155824508321,1.01210287443268
"292","Netherlands, 2006",4,1990,-3,644,0.478260869565217,0.228260869565217,0.293478260869565,2.04658385093168,1.37577639751553
"293","Portugal, 2006",10,1895,-14,453,0.448123620309051,0.225165562913907,0.326710816777042,1.60264900662252,1.28256070640177
"294","Poland, 2006",24,1780,-67,683,0.431918008784773,0.234260614934114,0.333821376281113,1.72327964860908,1.41874084919473
"295","Sweden, 2006",13,1871,-33,877,0.490307867730901,0.218928164196123,0.290763968072976,2.10148232611174,1.38084378563284
"296","Croatia, 2006",9,1897,34,173,0.485549132947977,0.300578034682081,0.213872832369942,1.73988439306358,1.03468208092486
"297","Mexico, 2006",19,1818,-18,670,0.498507462686567,0.240298507462687,0.261194029850746,1.83880597014925,1.07164179104478
"298","Paraguay, 2006",31,1761,-17,568,0.369718309859155,0.251760563380282,0.378521126760563,1.35915492957746,1.4806338028169
"299","Ghana, 2006",34,1754,151,505,0.497029702970297,0.23960396039604,0.263366336633663,1.64950495049505,1.03960396039604
"300","Switzerland, 2006",15,1846,67,670,0.319402985074627,0.214925373134328,0.465671641791045,1.42686567164179,1.83432835820896
"301","Costa Rica, 2006",50,1634,-100,493,0.486815415821501,0.210953346855984,0.302231237322515,1.96754563894523,1.18661257606491
"302","Ecuador, 2006",33,1760,46,375,0.264,0.253333333333333,0.482666666666667,1.10666666666667,1.72533333333333
"303","Ukraine, 2006",20,1806,32,130,0.392307692307692,0.315384615384615,0.292307692307692,1.21538461538462,1.00769230769231
"304","United States, 2006",25,1776,-66,493,0.383367139959432,0.227180527383367,0.389452332657201,1.31643002028398,1.43204868154158
"305","South Korea, 2006",46,1668,-19,777,0.552123552123552,0.244530244530245,0.203346203346203,1.89060489060489,0.911196911196911
"306","Japan, 2006",40,1730,-82,538,0.440520446096654,0.20631970260223,0.353159851301115,1.69144981412639,1.28624535315985
"307","Australia, 2006",30,1764,-5,395,0.511392405063291,0.205063291139241,0.283544303797468,2.14430379746835,1.15443037974684
"308","Iran, 2006",28,1768,-29,426,0.544600938967136,0.227699530516432,0.227699530516432,1.93661971830986,0.84037558685446
"309","Iran, 2006",28,1768,-29,426,0.544600938967136,0.227699530516432,0.227699530516432,1.93661971830986,0.84037558685446
"310","Serbia, 2006",31,1761,-30,636,0.471698113207547,0.213836477987421,0.314465408805031,1.94968553459119,1.45440251572327
"311","Ivory Coast, 2006",26,1775,70,417,0.486810551558753,0.249400479616307,0.26378896882494,1.56354916067146,1.0431654676259
"312","Tunisia, 2006",49,1644,-72,516,0.405038759689922,0.275193798449612,0.319767441860465,1.39922480620155,1.14147286821705
"313","Saudi Arabia, 2006",55,1603,-5,522,0.492337164750958,0.227969348659004,0.279693486590038,1.63984674329502,1.09961685823755
"314","Trinidad and Tobago, 2006",71,1553,-26,588,0.454081632653061,0.204081632653061,0.341836734693878,1.73809523809524,1.27040816326531
"315","Togo, 2006",97,1438,-149,325,0.316923076923077,0.258461538461538,0.424615384615385,1.08,1.38461538461538
"316","Angola, 2006",58,1591,44,231,0.376623376623377,0.324675324675325,0.298701298701299,1.24242424242424,1.1038961038961
"317","Argentina, 2010",5,1992,96,902,0.529933481152993,0.245011086474501,0.225055432372506,1.87583148558758,1.08425720620843
"318","Brazil, 2010",3,2095,-9,859,0.627473806752037,0.204889406286379,0.167636786961583,2.17345750873108,0.939464493597206
"319","England, 2010",6,1925,-60,952,0.584033613445378,0.226890756302521,0.189075630252101,2.40231092436975,1.00525210084034
"320","France, 2010",17,1803,-87,731,0.46922024623803,0.207934336525308,0.322845417236662,1.75512995896033,1.50341997264022
"321","Germany, 2010",4,2066,105,842,0.576009501187648,0.203087885985748,0.220902612826603,2.229216152019,1.18527315914489
"322","Spain, 2010",1,2116,21,587,0.565587734241908,0.23679727427598,0.197614991482112,1.93526405451448,0.945485519591141
"323","Italy, 2010",12,1832,-125,710,0.532394366197183,0.269014084507042,0.198591549295775,1.75211267605634,1.0056338028169
"324","Netherlands, 2010",2,2105,74,699,0.497854077253219,0.223175965665236,0.278969957081545,2.0414878397711,1.32045779685265
"325","Portugal, 2010",8,1898,24,503,0.457256461232604,0.232604373757455,0.31013916500994,1.62425447316103,1.23260437375746
"326","Chile, 2010",9,1893,13,657,0.366818873668189,0.213089802130898,0.420091324200913,1.39269406392694,1.48401826484018
"327","Uruguay, 2010",10,1892,79,826,0.430992736077482,0.242130750605327,0.326876513317191,1.58716707021792,1.27481840193705
"328","Denmark, 2010",32,1734,-78,731,0.456908344733242,0.196990424076607,0.34610123119015,1.85772913816689,1.43228454172367
"329","Mexico, 2010",11,1848,-45,749,0.504672897196262,0.232309746328438,0.2630173564753,1.83444592790387,1.06141522029373
"330","Paraguay, 2010",19,1785,25,626,0.369009584664537,0.255591054313099,0.375399361022364,1.33546325878594,1.43130990415335
"331","Ghana, 2010",27,1745,56,560,0.494642857142857,0.2375,0.267857142857143,1.61964285714286,1.03571428571429
"332","Algeria, 2010",99,1466,-121,500,0.4,0.282,0.318,1.36,1.062
"333","Switzerland, 2010",25,1754,-38,714,0.324929971988796,0.215686274509804,0.459383753501401,1.42156862745098,1.78991596638655
"334","North Korea, 2010",79,1529,-26,307,0.429967426710098,0.286644951140065,0.283387622149837,1.64169381107492,1.00977198697068
"335","South Africa, 2010",58,1610,86,307,0.44299674267101,0.237785016286645,0.319218241042345,1.38762214983713,1.15635179153094
"336","United States, 2010",23,1769,-34,562,0.403914590747331,0.217081850533808,0.379003558718861,1.36832740213523,1.40391459074733
"337","Greece, 2010",26,1750,-33,488,0.360655737704918,0.233606557377049,0.405737704918033,1.27254098360656,1.50409836065574
"338","South Korea, 2010",28,1742,-7,837,0.54599761051374,0.25089605734767,0.20310633213859,1.85065710872162,0.902031063321386
"339","Japan, 2010",18,1787,-2,606,0.450495049504951,0.216171617161716,0.333333333333333,1.68976897689769,1.22937293729373
"340","Nigeria, 2010",50,1653,-95,519,0.456647398843931,0.279383429672447,0.263969171483622,1.48554913294798,1.05009633911368
"341","Australia, 2010",22,1776,-13,443,0.510158013544018,0.209932279909707,0.279909706546275,2.0451467268623,1.12189616252822
"342","Cameroon, 2010",51,1649,-126,476,0.44327731092437,0.289915966386555,0.266806722689076,1.52521008403361,1.13025210084034
"343","Serbia, 2010",28,1742,-91,682,0.472140762463343,0.214076246334311,0.313782991202346,1.92815249266862,1.41788856304985
"344","Slovakia, 2010",47,1658,-7,208,0.379807692307692,0.240384615384615,0.379807692307692,1.46634615384615,1.38942307692308
"345","Ivory Coast, 2010",35,1715,-46,476,0.495798319327731,0.247899159663866,0.256302521008403,1.59873949579832,1.01680672268908
"346","Honduras, 2010",42,1676,-72,454,0.42511013215859,0.257709251101322,0.317180616740088,1.57709251101322,1.26872246696035
"347","Slovenia, 2010",40,1692,20,170,0.347058823529412,0.258823529411765,0.394117647058824,1.24705882352941,1.28823529411765
"348","New Zealand, 2010",69,1572,45,335,0.408955223880597,0.176119402985075,0.414925373134328,1.80298507462687,1.57910447761194
"349","Argentina, 2014",2,2051,30,961,0.532778355879292,0.246618106139438,0.220603537981269,1.87825182101977,1.0738813735692
"350","Brazil, 2014",3,2042,-90,923,0.630552546045504,0.203683640303359,0.165763813651138,2.17768147345612,0.930660888407367
"351","England, 2014",9,1924,-10,999,0.583583583583584,0.23023023023023,0.186186186186186,2.37937937937938,0.995995995995996
"352","France, 2014",6,1966,84,785,0.47515923566879,0.212738853503185,0.312101910828025,1.7515923566879,1.44585987261146
"353","Germany, 2014",1,2134,48,898,0.581291759465479,0.202672605790646,0.216035634743875,2.24610244988864,1.18819599109131
"354","Spain, 2014",8,1954,-150,644,0.579192546583851,0.226708074534162,0.194099378881988,1.96583850931677,0.922360248447205
"355","Italy, 2014",14,1886,-21,766,0.526109660574413,0.274151436031332,0.199738903394256,1.72715404699739,1.0065274151436
"356","Netherlands, 2014",4,2030,26,752,0.501329787234043,0.223404255319149,0.275265957446808,2.05585106382979,1.2938829787234
"357","Portugal, 2014",10,1911,-20,551,0.464609800362976,0.234119782214156,0.301270417422868,1.63702359346642,1.21415607985481
"358","Colombia, 2014",5,2020,86,515,0.384466019417476,0.266019417475728,0.349514563106796,1.24466019417476,1.22718446601942
"359","Chile, 2014",7,1963,49,713,0.377279102384292,0.213183730715288,0.409537166900421,1.4249649368864,1.46002805049088
"360","Croatia, 2014",17,1826,20,262,0.526717557251908,0.270992366412214,0.202290076335878,1.74045801526718,0.99618320610687
"361","Uruguay, 2014",11,1909,-10,882,0.435374149659864,0.244897959183673,0.319727891156463,1.5952380952381,1.26643990929705
"362","Belgium, 2014",12,1898,63,725,0.404137931034483,0.217931034482759,0.377931034482759,1.69103448275862,1.66758620689655
"363","Mexico, 2014",13,1893,95,820,0.508536585365854,0.230487804878049,0.260975609756098,1.82439024390244,1.04268292682927
"364","Ghana, 2014",40,1683,-21,616,0.49512987012987,0.237012987012987,0.267857142857143,1.63149350649351,1.02922077922078
"365","Algeria, 2014",42,1674,87,539,0.417439703153989,0.270871985157699,0.311688311688312,1.3821892393321,1.05009276437848
"366","Russia, 2014",24,1779,-66,661,0.527987897125567,0.261724659606657,0.210287443267776,1.77155824508321,0.965204236006051
"367","Switzerland, 2014",21,1793,-59,753,0.335989375830013,0.217795484727756,0.446215139442231,1.43160690571049,1.74767596281541
"368","Costa Rica, 2014",15,1868,132,630,0.471428571428571,0.233333333333333,0.295238095238095,1.85238095238095,1.14920634920635
"369","Ecuador, 2014",16,1848,11,471,0.282377919320594,0.259023354564756,0.45859872611465,1.17197452229299,1.63906581740977
"370","United States, 2014",19,1814,-49,631,0.41838351822504,0.213946117274168,0.367670364500792,1.39302694136292,1.37083993660856
"371","Greece, 2014",45,1673,-168,536,0.369402985074627,0.242537313432836,0.388059701492537,1.25186567164179,1.44402985074627
"372","South Korea, 2014",54,1634,-52,893,0.539753639417693,0.247480403135498,0.212765957446809,1.82754759238522,0.926091825307951
"373","Japan, 2014",28,1729,-36,665,0.458646616541353,0.215037593984962,0.326315789473684,1.70676691729323,1.22706766917293
"374","Nigeria, 2014",41,1675,-46,577,0.454072790294627,0.289428076256499,0.256499133448873,1.49740034662045,1.03639514731369
"375","Australia, 2014",49,1652,-78,496,0.504032258064516,0.209677419354839,0.286290322580645,2.02217741935484,1.13709677419355
"376","Cameroon, 2014",50,1649,46,517,0.44294003868472,0.288201160541586,0.268858800773694,1.49516441005803,1.11992263056093
"377","Iran, 2014",42,1674,-57,544,0.544117647058823,0.242647058823529,0.213235294117647,1.86580882352941,0.8125
"378","Ivory Coast, 2014",36,1691,-88,525,0.506666666666667,0.245714285714286,0.247619047619048,1.64190476190476,1.0247619047619
"379","Honduras, 2014",69,1552,-134,521,0.412667946257198,0.259117082533589,0.328214971209213,1.51439539347409,1.27447216890595
"380","Bosnia and Herzegovina, 2014",35,1711,-73,170,0.382352941176471,0.211764705882353,0.405882352941176,1.43529411764706,1.4
